Disability,E European,European NEC,N American,MENA,Other white
Independent living,0.9916225,1.135595,1.183232,1.322031,1.185955
Self-care,1.021789,1.218451,1.231645,1.49125,1.368789
Physical,0.9706313,0.9413071,1.124918,1.130135,1.05773
Cognitive,0.9171951,1.133103,1.194626,1.065083,1.261355
Vision,0.9141643,0.9557518,1.137463,0.9466799,1.04608
Hearing,0.8754961,0.9155466,1.057295,0.8130138,0.9614815